Index,car_width,car_length,sampling_rate,isCollision,ego_vimpact,min_ttc,stopCondition,endTime,timeCollision
0,1.98,4.31,100,1.00,1.87,10.00,4.00,5.33,-1
1,1.98,4.31,100,0.00,0.00,0.69,3.00,10.00,-1
2,1.98,4.31,100,0.00,0.00,10.00,3.00,10.00,-1
3,1.98,4.31,100,0.00,0.00,10.00,3.00,10.00,-1
4,1.98,4.31,100,0.00,0.00,10.00,3.00,10.00,-1
5,1.98,4.31,100,0.00,0.00,10.00,3.00,10.00,-1
6,1.98,4.31,100,1.00,1.87,10.00,4.00,5.33,-1
7,1.98,4.31,100,0.00,0.00,0.69,3.00,10.00,-1
8,1.98,4.31,100,0.00,0.00,10.00,3.00,10.00,-1
9,1.98,4.31,100,0.00,0.00,10.00,3.00,10.00,-1
10,1.98,4.31,100,0.00,0.00,10.00,3.00,10.00,-1
11,1.98,4.31,100,0.00,0.00,10.00,3.00,10.00,-1
12,1.98,4.31,100,1.00,1.87,10.00,4.00,5.33,-1
13,1.98,4.31,100,0.00,0.00,0.69,3.00,10.00,-1
14,1.98,4.31,100,0.00,0.00,10.00,3.00,10.00,-1
15,1.98,4.31,100,0.00,0.00,0.38,3.00,10.00,-1
16,1.98,4.31,100,0.00,0.00,10.00,3.00,10.00,-1
17,1.98,4.31,100,0.00,0.00,10.00,3.00,10.00,-1
18,1.98,4.31,100,1.00,1.87,10.00,4.00,5.33,-1
19,1.98,4.31,100,0.00,0.00,0.69,3.00,10.00,-1
20,1.98,4.31,100,0.00,0.00,10.00,3.00,10.00,-1
21,1.98,4.31,100,0.00,0.00,10.00,3.00,10.00,-1
22,1.98,4.31,100,0.00,0.00,0.20,3.00,10.00,-1
23,1.98,4.31,100,0.00,0.00,10.00,3.00,10.00,-1
24,1.98,4.31,100,1.00,1.87,10.00,4.00,5.33,-1
25,1.98,4.31,100,0.00,0.00,0.69,3.00,10.00,-1
26,1.98,4.31,100,0.00,0.00,10.00,3.00,10.00,-1
27,1.98,4.31,100,1.00,1.87,10.00,4.00,5.19,-1
28,1.98,4.31,100,0.00,0.00,10.00,3.00,10.00,-1
29,1.98,4.31,100,0.00,0.00,10.00,3.00,10.00,-1
30,1.98,4.31,100,1.00,1.87,10.00,4.00,5.33,-1
31,1.98,4.31,100,1.00,1.87,10.00,4.00,5.19,-1
32,1.98,4.31,100,0.00,0.00,0.69,3.00,10.00,-1
33,1.98,4.31,100,0.00,0.00,10.00,3.00,10.00,-1
34,1.98,4.31,100,0.00,0.00,10.00,3.00,10.00,-1
35,1.98,4.31,100,0.00,0.00,10.00,3.00,10.00,-1
36,1.98,4.31,100,0.00,0.00,10.00,3.00,10.00,-1
37,1.98,4.31,100,1.00,1.87,10.00,4.00,5.33,-1
38,1.98,4.31,100,0.00,0.00,0.69,3.00,10.00,-1
39,1.98,4.31,100,1.00,1.99,10.00,4.00,4.97,-1
40,1.98,4.31,100,0.00,0.00,10.00,3.00,10.00,-1
41,1.98,4.31,100,0.00,0.00,10.00,3.00,10.00,-1
42,1.98,4.31,100,0.00,0.00,0.69,3.00,10.00,-1
43,1.98,4.31,100,1.00,1.99,10.00,4.00,4.97,-1
44,1.98,4.31,100,0.00,0.00,10.00,3.00,10.00,-1
45,1.98,4.31,100,0.00,0.00,10.00,3.00,10.00,-1
46,1.98,4.31,100,1.00,1.94,10.00,4.00,5.11,-1
47,1.98,4.31,100,1.00,1.87,10.00,4.00,5.33,-1
48,1.98,4.31,100,0.00,0.00,0.69,3.00,10.00,-1
49,1.98,4.31,100,1.00,1.99,10.00,4.00,4.97,-1
50,1.98,4.31,100,0.00,0.00,10.00,3.00,10.00,-1
51,1.98,4.31,100,0.00,0.00,10.00,3.00,10.00,-1
52,1.98,4.31,100,1.00,1.94,10.00,4.00,5.11,-1
53,1.98,4.31,100,1.00,1.87,10.00,4.00,5.33,-1
54,1.98,4.31,100,0.00,0.00,0.69,3.00,10.00,-1
55,1.98,4.31,100,1.00,1.99,10.00,4.00,4.97,-1
56,1.98,4.31,100,0.00,0.00,10.00,3.00,10.00,-1
57,1.98,4.31,100,1.00,1.94,10.00,4.00,5.11,-1
58,1.98,4.31,100,0.00,0.00,10.00,3.00,10.00,-1
59,1.98,4.31,100,1.00,1.94,10.00,4.00,5.11,-1
60,1.98,4.31,100,1.00,1.94,10.00,4.00,5.11,-1
61,1.98,4.31,100,1.00,1.94,10.00,4.00,5.11,-1
62,1.98,4.31,100,1.00,1.99,10.00,4.00,4.97,-1
63,1.98,4.31,100,1.00,1.99,10.00,4.00,4.97,-1
64,1.98,4.31,100,1.00,2.08,10.00,4.00,4.88,-1
65,1.98,4.31,100,1.00,1.93,10.00,4.00,5.06,-1
66,1.98,4.31,100,1.00,1.99,10.00,4.00,5.03,-1
67,1.98,4.31,100,1.00,1.94,10.00,4.00,5.11,-1
68,1.98,4.31,100,1.00,1.94,10.00,4.00,5.11,-1
69,1.98,4.31,100,1.00,1.94,10.00,4.00,5.11,-1
70,1.98,4.31,100,1.00,1.86,10.00,4.00,5.30,-1
71,1.98,4.31,100,1.00,1.99,10.00,4.00,4.97,-1
72,1.98,4.31,100,1.00,2.08,10.00,4.00,4.88,-1
73,1.98,4.31,100,1.00,1.93,10.00,4.00,5.06,-1
74,1.98,4.31,100,1.00,2.07,10.00,4.00,6.20,-1
75,1.98,4.31,100,1.00,2.07,10.00,4.00,4.87,-1
76,1.98,4.31,100,1.00,1.99,10.00,4.00,5.03,-1
77,1.98,4.31,100,1.00,1.94,10.00,4.00,5.13,-1
78,1.98,4.31,100,1.00,1.94,10.00,4.00,5.11,-1
79,1.98,4.31,100,1.00,1.99,10.00,4.00,4.97,-1
80,1.98,4.31,100,1.00,2.07,10.00,4.00,6.18,-1
81,1.98,4.31,100,1.00,2.48,10.00,4.00,5.39,-1
82,1.98,4.31,100,1.00,1.93,10.00,4.00,5.06,-1
83,1.98,4.31,100,1.00,2.08,10.00,4.00,4.84,-1
84,1.98,4.31,100,1.00,2.07,10.00,4.00,6.20,-1
85,1.98,4.31,100,1.00,1.93,10.00,4.00,5.06,-1
86,1.98,4.31,100,1.00,1.99,10.00,4.00,5.03,-1
87,1.98,4.31,100,1.00,1.99,10.00,4.00,4.97,-1
88,1.98,4.31,100,1.00,1.93,10.00,4.00,5.06,-1
89,1.98,4.31,100,0.00,0.00,10.00,3.00,10.00,-1
90,1.98,4.31,100,1.00,2.49,10.00,4.00,5.37,-1
91,1.98,4.31,100,1.00,2.08,10.00,4.00,4.73,-1
92,1.98,4.31,100,1.00,1.93,10.00,4.00,5.06,-1
93,1.98,4.31,100,1.00,2.48,10.00,4.00,5.39,-1
94,1.98,4.31,100,1.00,1.99,10.00,4.00,5.03,-1
95,1.98,4.31,100,1.00,1.93,10.00,4.00,5.06,-1
96,1.98,4.31,100,1.00,1.99,10.00,4.00,4.97,-1
97,1.98,4.31,100,1.00,2.00,10.00,4.00,4.92,-1
98,1.98,4.31,100,1.00,2.07,10.00,4.00,5.01,-1
99,1.98,4.31,100,1.00,1.99,10.00,4.00,4.97,-1
100,1.98,4.31,100,1.00,1.99,10.00,4.00,5.00,-1
101,1.98,4.31,100,1.00,1.99,10.00,4.00,4.97,-1
102,1.98,4.31,100,1.00,1.99,10.00,4.00,4.97,-1
103,1.98,4.31,100,1.00,1.99,10.00,4.00,4.97,-1
104,1.98,4.31,100,1.00,1.93,10.00,4.00,5.06,-1
105,1.98,4.31,100,1.00,1.94,10.00,4.00,5.05,-1
106,1.98,4.31,100,1.00,1.98,10.00,4.00,4.98,-1
107,1.98,4.31,100,1.00,1.93,10.00,4.00,5.06,-1
108,1.98,4.31,100,1.00,2.00,10.00,4.00,4.92,-1
109,1.98,4.31,100,1.00,2.07,10.00,4.00,5.01,-1
110,1.98,4.31,100,1.00,2.06,10.00,4.00,4.97,-1
111,1.98,4.31,100,1.00,2.00,10.00,4.00,4.85,-1
112,1.98,4.31,100,1.00,1.99,10.00,4.00,4.97,-1
113,1.98,4.31,100,1.00,1.99,10.00,4.00,5.00,-1
114,1.98,4.31,100,1.00,1.99,10.00,4.00,4.97,-1
115,1.98,4.31,100,1.00,1.99,10.00,4.00,4.98,-1
116,1.98,4.31,100,1.00,1.99,10.00,4.00,4.97,-1
117,1.98,4.31,100,1.00,1.99,10.00,4.00,4.97,-1
118,1.98,4.31,100,1.00,1.99,10.00,4.00,4.97,-1
119,1.98,4.31,100,1.00,2.00,10.00,4.00,4.92,-1
120,1.98,4.31,100,1.00,2.07,10.00,4.00,5.01,-1
121,1.98,4.31,100,1.00,2.06,10.00,4.00,4.97,-1
122,1.98,4.31,100,1.00,2.00,10.00,4.00,4.85,-1
123,1.98,4.31,100,1.00,1.99,10.00,4.00,4.97,-1
124,1.98,4.31,100,1.00,2.07,10.00,4.00,5.03,-1
125,1.98,4.31,100,1.00,2.55,10.00,4.00,4.85,-1
126,1.98,4.31,100,1.00,1.99,10.00,4.00,4.97,-1
127,1.98,4.31,100,1.00,2.00,10.00,4.00,4.92,-1
128,1.98,4.31,100,1.00,1.99,10.00,4.00,5.00,-1
129,1.98,4.31,100,1.00,1.99,10.00,4.00,4.97,-1
130,1.98,4.31,100,1.00,2.57,10.00,4.00,4.91,-1
131,1.98,4.31,100,1.00,1.99,10.00,4.00,4.97,-1
132,1.98,4.31,100,1.00,2.00,10.00,4.00,4.92,-1
133,1.98,4.31,100,1.00,2.06,10.00,4.00,4.93,-1
134,1.98,4.31,100,1.00,2.55,10.00,4.00,4.85,-1
135,1.98,4.31,100,1.00,2.07,10.00,4.00,5.01,-1
136,1.98,4.31,100,1.00,2.00,10.00,4.00,4.84,-1
137,1.98,4.31,100,1.00,2.00,10.00,4.00,4.85,-1
138,1.98,4.31,100,1.00,1.99,10.00,4.00,4.91,-1
139,1.98,4.31,100,1.00,2.56,10.00,4.00,4.88,-1
140,1.98,4.31,100,1.00,2.07,10.00,4.00,5.03,-1
141,1.98,4.31,100,1.00,1.99,10.00,4.00,4.97,-1
142,1.98,4.31,100,1.00,1.99,10.00,4.00,4.91,-1
143,1.98,4.31,100,1.00,2.00,10.00,4.00,4.85,-1
144,1.98,4.31,100,1.00,2.00,10.00,4.00,4.84,-1
145,1.98,4.31,100,1.00,2.00,10.00,4.00,4.92,-1
146,1.98,4.31,100,0.00,0.00,0.69,3.00,10.00,-1
147,1.98,4.31,100,0.00,0.00,10.00,3.00,10.00,-1
148,1.98,4.31,100,0.00,0.00,10.00,3.00,10.00,-1
149,1.98,4.31,100,1.00,1.99,10.00,4.00,4.97,-1
150,1.98,4.31,100,0.00,0.00,10.00,3.00,10.00,-1
151,1.98,4.31,100,0.00,0.00,0.69,3.00,10.00,-1
152,1.98,4.31,100,1.00,2.00,10.00,4.00,4.94,-1
153,1.98,4.31,100,0.00,0.00,10.00,3.00,10.00,-1
154,1.98,4.31,100,1.00,2.00,10.00,4.00,4.92,-1
155,1.98,4.31,100,1.00,2.00,10.00,4.00,4.84,-1
156,1.98,4.31,100,1.00,2.00,10.00,4.00,4.85,-1
157,1.98,4.31,100,1.00,1.99,10.00,4.00,4.91,-1
158,1.98,4.31,100,1.00,1.99,10.00,4.00,4.97,-1
159,1.98,4.31,100,0.00,0.00,10.00,3.00,10.00,-1
160,1.98,4.31,100,0.00,0.00,0.69,3.00,10.00,-1
161,1.98,4.31,100,1.00,2.01,10.00,4.00,5.00,-1
162,1.98,4.31,100,0.00,0.00,10.00,3.00,10.00,-1
163,1.98,4.31,100,1.00,2.00,10.00,4.00,4.94,-1
164,1.98,4.31,100,1.00,2.00,10.00,4.00,4.92,-1
165,1.98,4.31,100,1.00,2.00,10.00,4.00,4.84,-1
166,1.98,4.31,100,1.00,2.00,10.00,4.00,4.85,-1
167,1.98,4.31,100,1.00,1.99,10.00,4.00,4.97,-1
168,1.98,4.31,100,0.00,0.00,10.00,3.00,10.00,-1
169,1.98,4.31,100,0.00,0.00,0.69,3.00,10.00,-1
170,1.98,4.31,100,1.00,2.01,10.00,4.00,5.00,-1
171,1.98,4.31,100,0.00,0.00,10.00,3.00,10.00,-1
172,1.98,4.31,100,1.00,2.00,10.00,4.00,4.94,-1
173,1.98,4.31,100,1.00,2.00,10.00,4.00,4.92,-1
174,1.98,4.31,100,1.00,2.00,10.00,4.00,4.84,-1
175,1.98,4.31,100,1.00,2.00,10.00,4.00,4.85,-1
176,1.98,4.31,100,0.00,0.00,10.00,3.00,10.00,-1
177,1.98,4.31,100,1.00,1.99,10.00,4.00,4.97,-1
178,1.98,4.31,100,0.00,0.00,0.70,3.00,10.00,-1
179,1.98,4.31,100,1.00,2.08,10.00,4.00,4.74,-1
180,1.98,4.31,100,1.00,6.59,10.00,4.00,2.67,-1
181,1.98,4.31,100,1.00,2.00,10.00,4.00,4.91,-1
182,1.98,4.31,100,1.00,2.00,10.00,4.00,4.88,-1
183,1.98,4.31,100,1.00,2.00,10.00,4.00,4.84,-1
184,1.98,4.31,100,1.00,2.00,10.00,4.00,4.85,-1
185,1.98,4.31,100,1.00,1.99,10.00,4.00,4.97,-1
186,1.98,4.31,100,1.00,1.99,10.00,4.00,4.91,-1
187,1.98,4.31,100,1.00,2.00,10.00,4.00,4.85,-1
188,1.98,4.31,100,1.00,2.00,10.00,4.00,4.84,-1
189,1.98,4.31,100,1.00,2.00,10.00,4.00,4.88,-1
190,1.98,4.31,100,1.00,2.00,10.00,4.00,4.91,-1
191,1.98,4.31,100,1.00,2.08,10.00,4.00,4.74,-1
192,1.98,4.31,100,0.00,0.00,0.70,3.00,10.00,-1
193,1.98,4.31,100,1.00,6.59,10.00,4.00,2.67,-1
194,1.98,4.31,100,0.00,0.00,10.00,3.00,10.00,-1
195,1.98,4.31,100,0.00,0.00,10.00,3.00,10.00,-1
196,1.98,4.31,100,1.00,1.99,10.00,4.00,4.97,-1
197,1.98,4.31,100,0.00,0.00,0.70,3.00,10.00,-1
198,1.98,4.31,100,1.00,2.08,10.00,4.00,4.74,-1
199,1.98,4.31,100,1.00,6.61,10.00,4.00,2.63,-1
200,1.98,4.31,100,1.00,2.01,10.00,4.00,4.94,-1
201,1.98,4.31,100,1.00,2.00,10.00,4.00,4.91,-1
202,1.98,4.31,100,1.00,2.00,10.00,4.00,4.88,-1
203,1.98,4.31,100,1.00,2.00,10.00,4.00,4.84,-1
204,1.98,4.31,100,1.00,2.00,10.00,4.00,4.85,-1
205,1.98,4.31,100,1.00,1.99,10.00,4.00,4.91,-1
206,1.98,4.31,100,1.00,6.59,10.00,4.00,2.67,-1
207,1.98,4.31,100,0.00,0.00,10.00,3.00,10.00,-1
208,1.98,4.31,100,0.00,0.00,10.00,3.00,10.00,-1
209,1.98,4.31,100,1.00,1.99,10.00,4.00,4.97,-1
210,1.98,4.31,100,0.00,0.00,10.00,3.00,10.00,-1
211,1.98,4.31,100,1.00,2.08,10.00,4.00,4.74,-1
212,1.98,4.31,100,0.00,0.00,0.70,3.00,10.00,-1
213,1.98,4.31,100,0.00,0.00,0.71,3.00,10.00,-1
214,1.98,4.31,100,1.00,6.61,10.00,4.00,2.63,-1
215,1.98,4.31,100,1.00,2.01,10.00,4.00,4.94,-1
216,1.98,4.31,100,1.00,2.00,10.00,4.00,4.91,-1
217,1.98,4.31,100,1.00,2.00,10.00,4.00,4.88,-1
218,1.98,4.31,100,1.00,2.00,10.00,4.00,4.84,-1
219,1.98,4.31,100,1.00,2.00,10.00,4.00,4.85,-1
220,1.98,4.31,100,1.00,1.99,10.00,4.00,4.91,-1
221,1.98,4.31,100,1.00,6.59,10.00,4.00,2.67,-1
222,1.98,4.31,100,0.00,0.00,10.00,3.00,10.00,-1
223,1.98,4.31,100,0.00,0.00,10.00,3.00,10.00,-1
224,1.98,4.31,100,1.00,1.99,10.00,4.00,4.97,-1
225,1.98,4.31,100,1.00,2.08,10.00,4.00,4.73,-1
226,1.98,4.31,100,0.00,0.00,0.69,3.00,10.00,-1
227,1.98,4.31,100,0.00,0.00,0.71,3.00,10.00,-1
228,1.98,4.31,100,1.00,6.61,10.00,4.00,2.63,-1
229,1.98,4.31,100,1.00,2.00,10.00,4.00,4.91,-1
230,1.98,4.31,100,1.00,2.00,10.00,4.00,4.88,-1
231,1.98,4.31,100,1.00,2.01,10.00,4.00,4.94,-1
232,1.98,4.31,100,1.00,2.00,10.00,4.00,4.84,-1
233,1.98,4.31,100,1.00,2.00,10.00,4.00,4.85,-1
234,1.98,4.31,100,1.00,1.99,10.00,4.00,4.91,-1
235,1.98,4.31,100,1.00,6.59,10.00,4.00,2.67,-1
236,1.98,4.31,100,0.00,0.00,10.00,3.00,10.00,-1
237,1.98,4.31,100,1.00,1.99,10.00,4.00,4.97,-1
238,1.98,4.31,100,0.00,0.00,10.00,3.00,10.00,-1
239,1.98,4.31,100,1.00,2.08,10.00,4.00,4.73,-1
240,1.98,4.31,100,0.00,0.00,0.69,3.00,10.00,-1
241,1.98,4.31,100,0.00,0.00,0.78,3.00,10.00,-1
242,1.98,4.31,100,1.00,6.61,10.00,4.00,2.63,-1
243,1.98,4.31,100,1.00,2.01,10.00,4.00,4.94,-1
244,1.98,4.31,100,1.00,2.00,10.00,4.00,4.92,-1
245,1.98,4.31,100,1.00,2.00,10.00,4.00,4.88,-1
246,1.98,4.31,100,0.00,0.00,0.71,3.00,10.00,-1
247,1.98,4.31,100,1.00,2.00,10.00,4.00,4.84,-1
248,1.98,4.31,100,1.00,2.00,10.00,4.00,4.85,-1
249,1.98,4.31,100,1.00,1.99,10.00,4.00,4.91,-1
250,1.98,4.31,100,1.00,6.59,10.00,4.00,2.67,-1
251,1.98,4.31,100,1.00,1.99,10.00,4.00,4.97,-1
252,1.98,4.31,100,1.00,1.99,10.00,4.00,4.97,-1
253,1.98,4.31,100,1.00,1.99,10.00,4.00,4.91,-1
254,1.98,4.31,100,1.00,2.00,10.00,4.00,4.85,-1
255,1.98,4.31,100,1.00,2.00,10.00,4.00,4.84,-1
256,1.98,4.31,100,1.00,2.00,10.00,4.00,4.88,-1
257,1.98,4.31,100,1.00,2.00,10.00,4.00,4.92,-1
258,1.98,4.31,100,1.00,2.01,10.00,4.00,4.94,-1
259,1.98,4.31,100,1.00,1.99,10.00,4.00,4.91,-1
260,1.98,4.31,100,1.00,2.04,10.00,4.00,4.79,-1
261,1.98,4.31,100,0.00,0.00,10.00,3.00,10.00,-1
262,1.98,4.31,100,1.00,2.00,10.00,4.00,4.85,-1
263,1.98,4.31,100,1.00,1.99,10.00,4.00,4.95,-1
264,1.98,4.31,100,1.00,2.07,10.00,4.00,4.76,-1
265,1.98,4.31,100,1.00,2.00,10.00,4.00,4.89,-1
266,1.98,4.31,100,1.00,2.65,10.00,4.00,5.07,-1
267,1.98,4.31,100,1.00,2.01,10.00,4.00,4.85,-1
268,1.98,4.31,100,1.00,2.00,10.00,4.00,4.86,-1
269,1.98,4.31,100,1.00,1.99,10.00,4.00,4.97,-1
270,1.98,4.31,100,1.00,1.99,10.00,4.00,4.97,-1
271,1.98,4.31,100,1.00,2.00,10.00,4.00,4.91,-1
272,1.98,4.31,100,1.00,2.01,10.00,4.00,4.87,-1
273,1.98,4.31,100,1.00,2.00,10.00,4.00,4.84,-1
274,1.98,4.31,100,1.00,1.99,10.00,4.00,4.94,-1
275,1.98,4.31,100,1.00,1.99,10.00,4.00,4.97,-1
276,1.98,4.31,100,1.00,2.00,10.00,4.00,4.88,-1
277,1.98,4.31,100,1.00,2.01,10.00,4.00,4.90,-1
278,1.98,4.31,100,1.00,2.01,10.00,4.00,4.90,-1
279,1.98,4.31,100,1.00,2.00,10.00,4.00,4.87,-1
280,1.98,4.31,100,1.00,1.99,10.00,4.00,4.93,-1
281,1.98,4.31,100,1.00,1.99,10.00,4.00,4.94,-1
282,1.98,4.31,100,1.00,2.00,10.00,4.00,4.88,-1
283,1.98,4.31,100,1.00,2.00,10.00,4.00,4.92,-1
284,1.98,4.31,100,1.00,2.01,10.00,4.00,4.92,-1
285,1.98,4.31,100,1.00,2.00,10.00,4.00,4.92,-1
286,1.98,4.31,100,1.00,2.00,10.00,4.00,4.87,-1
287,1.98,4.31,100,1.00,1.99,10.00,4.00,4.92,-1
288,1.98,4.31,100,1.00,1.94,10.00,4.00,4.99,-1
289,1.98,4.31,100,1.00,1.99,10.00,4.00,4.95,-1
290,1.98,4.31,100,1.00,2.00,10.00,4.00,4.88,-1
291,1.98,4.31,100,1.00,2.00,10.00,4.00,4.92,-1
292,1.98,4.31,100,1.00,2.01,10.00,4.00,4.92,-1
293,1.98,4.31,100,1.00,2.00,10.00,4.00,4.85,-1
294,1.98,4.31,100,1.00,2.00,10.00,4.00,4.84,-1
295,1.98,4.31,100,1.00,2.00,10.00,4.00,4.88,-1
296,1.98,4.31,100,1.00,2.00,10.00,4.00,4.92,-1
297,1.98,4.31,100,1.00,2.00,10.00,4.00,4.91,-1
298,1.98,4.31,100,1.00,2.01,10.00,4.00,4.91,-1
299,1.98,4.31,100,1.00,1.99,10.00,4.00,4.89,-1
300,1.98,4.31,100,1.00,2.00,10.00,4.00,4.92,-1
301,1.98,4.31,100,1.00,2.00,10.00,4.00,4.91,-1
302,1.98,4.31,100,1.00,1.99,10.00,4.00,4.90,-1
303,1.98,4.31,100,1.00,2.00,10.00,4.00,4.92,-1
304,1.98,4.31,100,1.00,2.00,10.00,4.00,4.92,-1
305,1.98,4.31,100,1.00,2.00,10.00,4.00,4.93,-1
306,1.98,4.31,100,1.00,2.01,10.00,4.00,4.93,-1
307,1.98,4.31,100,1.00,2.00,10.00,4.00,4.94,-1
308,1.98,4.31,100,1.00,1.99,10.00,4.00,4.94,-1
309,1.98,4.31,100,1.00,1.99,10.00,4.00,4.97,-1
310,1.98,4.31,100,1.00,2.00,10.00,4.00,4.93,-1
311,1.98,4.31,100,1.00,2.00,10.00,4.00,4.93,-1
312,1.98,4.31,100,1.00,2.01,10.00,4.00,4.94,-1
313,1.98,4.31,100,1.00,1.99,10.00,4.00,4.96,-1
314,1.98,4.31,100,1.00,1.93,10.00,4.00,4.98,-1
315,1.98,4.31,100,1.00,2.02,10.00,4.00,5.05,-1
316,1.98,4.31,100,1.00,1.99,10.00,4.00,4.91,-1
317,1.98,4.31,100,0.00,0.00,10.00,3.00,10.00,-1
318,1.98,4.31,100,1.00,1.99,10.00,4.00,4.95,-1
319,1.98,4.31,100,1.00,2.07,10.00,4.00,4.76,-1
320,1.98,4.31,100,1.00,2.65,10.00,4.00,5.07,-1
321,1.98,4.31,100,0.00,0.00,10.00,3.00,10.00,-1
322,1.98,4.31,100,1.00,2.01,10.00,4.00,4.84,-1
323,1.98,4.31,100,1.00,2.37,10.00,4.00,4.91,-1
324,1.98,4.31,100,1.00,2.05,10.00,4.00,4.78,-1
325,1.98,4.31,100,1.00,2.17,10.00,4.00,4.72,-1
326,1.98,4.31,100,1.00,2.07,10.00,4.00,4.76,-1
327,1.98,4.31,100,1.00,2.08,10.00,4.00,4.92,-1
328,1.98,4.31,100,1.00,2.01,10.00,4.00,4.86,-1
329,1.98,4.31,100,1.00,1.99,10.00,4.00,4.97,-1
330,1.98,4.31,100,1.00,1.99,10.00,4.00,4.97,-1
331,1.98,4.31,100,0.00,0.00,10.00,3.00,10.00,-1
332,1.98,4.31,100,1.00,2.00,10.00,4.00,4.85,-1
333,1.98,4.31,100,1.00,2.00,10.00,4.00,4.89,-1
334,1.98,4.31,100,1.00,2.00,10.00,4.00,4.86,-1
335,1.98,4.31,100,1.00,2.00,10.00,4.00,4.89,-1
336,1.98,4.31,100,1.00,2.04,10.00,4.00,4.79,-1
337,1.98,4.31,100,1.00,2.01,10.00,4.00,4.85,-1
338,1.98,4.31,100,1.00,2.01,10.00,4.00,4.83,-1
339,1.98,4.31,100,1.00,2.01,10.00,4.00,4.85,-1
340,1.98,4.31,100,1.00,2.01,10.00,4.00,4.85,-1
341,1.98,4.31,100,1.00,1.99,10.00,4.00,4.94,-1
342,1.98,4.31,100,1.00,1.99,10.00,4.00,4.97,-1
343,1.98,4.31,100,1.00,1.99,10.00,4.00,4.96,-1
344,1.98,4.31,100,1.00,2.00,10.00,4.00,4.84,-1
345,1.98,4.31,100,1.00,2.01,10.00,4.00,4.93,-1
346,1.98,4.31,100,1.00,2.01,10.00,4.00,4.93,-1
347,1.98,4.31,100,1.00,2.01,10.00,4.00,4.83,-1
348,1.98,4.31,100,1.00,1.99,10.00,4.00,4.93,-1
349,1.98,4.31,100,1.00,1.99,10.00,4.00,4.95,-1
350,1.98,4.31,100,1.00,2.00,10.00,4.00,4.87,-1
351,1.98,4.31,100,1.00,2.00,10.00,4.00,4.91,-1
352,1.98,4.31,100,1.00,2.01,10.00,4.00,4.87,-1
353,1.98,4.31,100,1.00,1.99,10.00,4.00,4.93,-1
354,1.98,4.31,100,1.00,1.99,10.00,4.00,4.92,-1
355,1.98,4.31,100,1.00,2.00,10.00,4.00,4.87,-1
356,1.98,4.31,100,1.00,2.00,10.00,4.00,4.88,-1
357,1.98,4.31,100,1.00,2.01,10.00,4.00,4.88,-1
358,1.98,4.31,100,1.00,1.99,10.00,4.00,4.93,-1
359,1.98,4.31,100,1.00,1.99,10.00,4.00,4.94,-1
360,1.98,4.31,100,1.00,2.00,10.00,4.00,4.85,-1
361,1.98,4.31,100,1.00,2.00,10.00,4.00,4.84,-1
362,1.98,4.31,100,1.00,2.00,10.00,4.00,4.85,-1
363,1.98,4.31,100,1.00,2.00,10.00,4.00,4.85,-1
364,1.98,4.31,100,1.00,2.00,10.00,4.00,4.88,-1
365,1.98,4.31,100,1.00,2.01,10.00,4.00,4.90,-1
366,1.98,4.31,100,1.00,2.01,10.00,4.00,4.90,-1
367,1.98,4.31,100,1.00,1.99,10.00,4.00,4.94,-1
368,1.98,4.31,100,1.00,2.01,10.00,4.00,4.91,-1
369,1.98,4.31,100,1.00,2.00,10.00,4.00,4.88,-1
370,1.98,4.31,100,1.00,2.00,10.00,4.00,4.91,-1
371,1.98,4.31,100,1.00,2.00,10.00,4.00,4.92,-1
372,1.98,4.31,100,1.00,1.99,10.00,4.00,4.90,-1
373,1.98,4.31,100,1.00,1.99,10.00,4.00,4.91,-1
374,1.98,4.31,100,1.00,1.99,10.00,4.00,4.95,-1
375,1.98,4.31,100,1.00,2.07,10.00,4.00,4.76,-1
376,1.98,4.31,100,1.00,2.65,10.00,4.00,5.07,-1
377,1.98,4.31,100,0.00,0.00,10.00,3.00,10.00,-1
378,1.98,4.31,100,1.00,2.01,10.00,4.00,4.84,-1
379,1.98,4.31,100,1.00,2.05,10.00,4.00,4.78,-1
380,1.98,4.31,100,1.00,2.07,10.00,4.00,4.76,-1
381,1.98,4.31,100,0.00,0.00,10.00,3.00,10.00,-1
382,1.98,4.31,100,1.00,2.07,10.00,4.00,4.82,-1
383,1.98,4.31,100,1.00,2.65,10.00,4.00,5.05,-1
384,1.98,4.31,100,1.00,2.71,10.00,4.00,4.87,-1
385,1.98,4.31,100,1.00,2.01,10.00,4.00,4.77,-1
386,1.98,4.31,100,0.00,0.00,10.00,3.00,10.00,-1
387,1.98,4.31,100,1.00,2.01,10.00,4.00,4.82,-1
388,1.98,4.31,100,0.00,0.00,10.00,3.00,10.00,-1
389,1.98,4.31,100,1.00,2.36,10.00,4.00,4.18,-1
390,1.98,4.31,100,1.00,2.00,10.00,4.00,4.91,-1
391,1.98,4.31,100,1.00,1.99,10.00,4.00,4.97,-1
392,1.98,4.31,100,1.00,1.99,10.00,4.00,4.97,-1
393,1.98,4.31,100,0.00,0.00,10.00,3.00,10.00,-1
394,1.98,4.31,100,1.00,2.00,10.00,4.00,4.86,-1
395,1.98,4.31,100,1.00,2.04,10.00,4.00,4.79,-1
396,1.98,4.31,100,1.00,2.04,10.00,4.00,4.83,-1
397,1.98,4.31,100,1.00,2.04,10.00,4.00,4.81,-1
398,1.98,4.31,100,0.00,0.00,10.00,3.00,10.00,-1
399,1.98,4.31,100,1.00,2.01,10.00,4.00,4.86,-1
400,1.98,4.31,100,1.00,2.00,10.00,4.00,4.89,-1
401,1.98,4.31,100,1.00,2.00,10.00,4.00,4.89,-1
402,1.98,4.31,100,1.00,2.01,10.00,4.00,4.85,-1
403,1.98,4.31,100,1.00,2.37,10.00,4.00,4.91,-1
404,1.98,4.31,100,1.00,2.17,10.00,4.00,4.72,-1
405,1.98,4.31,100,1.00,2.37,10.00,4.00,4.93,-1
406,1.98,4.31,100,1.00,2.34,10.00,4.00,4.79,-1
407,1.98,4.31,100,1.00,2.08,10.00,4.00,4.79,-1
408,1.98,4.31,100,1.00,2.00,10.00,4.00,4.85,-1
409,1.98,4.31,100,1.00,1.99,10.00,4.00,4.96,-1
410,1.98,4.31,100,1.00,1.99,10.00,4.00,4.97,-1
411,1.98,4.31,100,1.00,1.99,10.00,4.00,4.96,-1
412,1.98,4.31,100,1.00,1.99,10.00,4.00,4.94,-1
413,1.98,4.31,100,0.00,0.00,10.00,3.00,10.00,-1
414,1.98,4.31,100,1.00,2.00,10.00,4.00,4.84,-1
415,1.98,4.31,100,1.00,2.04,10.00,4.00,4.81,-1
416,1.98,4.31,100,0.00,0.00,10.00,3.00,10.00,-1
417,1.98,4.31,100,1.00,2.01,10.00,4.00,4.83,-1
418,1.98,4.31,100,1.00,2.01,10.00,4.00,4.85,-1
419,1.98,4.31,100,1.00,2.01,10.00,4.00,4.85,-1
420,1.98,4.31,100,1.00,2.01,10.00,4.00,4.85,-1
421,1.98,4.31,100,1.00,2.01,10.00,4.00,4.87,-1
422,1.98,4.31,100,1.00,2.01,10.00,4.00,4.91,-1
423,1.98,4.31,100,1.00,2.08,10.00,4.00,4.92,-1
424,1.98,4.31,100,1.00,2.08,10.00,4.00,4.92,-1
425,1.98,4.31,100,1.00,1.99,10.00,4.00,4.96,-1
426,1.98,4.31,100,1.00,2.01,10.00,4.00,4.93,-1
427,1.98,4.31,100,1.00,2.01,10.00,4.00,4.83,-1
428,1.98,4.31,100,1.00,2.01,10.00,4.00,4.93,-1
429,1.98,4.31,100,1.00,2.00,10.00,4.00,4.87,-1
430,1.98,4.31,100,1.00,1.99,10.00,4.00,4.91,-1
431,1.98,4.31,100,1.00,1.99,10.00,4.00,4.95,-1
432,1.98,4.31,100,1.00,2.65,10.00,4.00,5.07,-1
433,1.98,4.31,100,1.00,2.05,10.00,4.00,4.78,-1
434,1.98,4.31,100,1.00,2.07,10.00,4.00,4.82,-1
435,1.98,4.31,100,1.00,2.65,10.00,4.00,5.05,-1
436,1.98,4.31,100,1.00,2.71,10.00,4.00,4.87,-1
437,1.98,4.31,100,0.00,0.00,10.00,3.00,10.00,-1
438,1.98,4.31,100,1.00,2.36,10.00,4.00,4.18,-1
439,1.98,4.31,100,1.00,2.00,10.00,4.00,4.91,-1
440,1.98,4.31,100,0.00,0.00,10.00,3.00,10.00,-1
441,1.98,4.31,100,0.00,0.00,10.00,3.00,10.00,-1
442,1.98,4.31,100,1.00,2.63,10.00,4.00,5.06,-1
443,1.98,4.31,100,1.00,2.54,10.00,4.00,5.03,-1
444,1.98,4.31,100,1.00,2.07,10.00,4.00,4.76,-1
445,1.98,4.31,100,1.00,2.01,10.00,4.00,4.86,-1
446,1.98,4.31,100,0.00,0.00,10.00,3.00,10.00,-1
447,1.98,4.31,100,1.00,2.71,10.00,4.00,4.90,-1
448,1.98,4.31,100,0.00,0.00,10.00,3.00,10.00,-1
449,1.98,4.31,100,1.00,1.99,10.00,4.00,4.97,-1
450,1.98,4.31,100,1.00,1.99,10.00,4.00,4.97,-1
451,1.98,4.31,100,1.00,2.04,10.00,4.00,4.79,-1
452,1.98,4.31,100,1.00,2.37,10.00,4.00,4.91,-1
453,1.98,4.31,100,1.00,2.17,10.00,4.00,4.72,-1
454,1.98,4.31,100,1.00,2.34,10.00,4.00,4.79,-1
455,1.98,4.31,100,1.00,2.08,10.00,4.00,4.79,-1
456,1.98,4.31,100,1.00,2.24,10.00,4.00,4.58,-1
457,1.98,4.31,100,1.00,2.08,10.00,4.00,4.83,-1
458,1.98,4.31,100,1.00,2.39,10.00,4.00,4.80,-1
459,1.98,4.31,100,1.00,2.08,10.00,4.00,4.77,-1
460,1.98,4.31,100,1.00,2.37,10.00,4.00,4.93,-1
461,1.98,4.31,100,0.00,0.00,10.00,3.00,10.00,-1
462,1.98,4.31,100,0.00,0.00,10.00,3.00,10.00,-1
463,1.98,4.31,100,0.00,0.00,10.00,3.00,10.00,-1
464,1.98,4.31,100,0.00,0.00,10.00,3.00,10.00,-1
465,1.98,4.31,100,1.00,2.07,10.00,4.00,4.76,-1
466,1.98,4.31,100,1.00,2.07,10.00,4.00,4.76,-1
467,1.98,4.31,100,1.00,2.01,10.00,4.00,4.84,-1
468,1.98,4.31,100,1.00,2.01,10.00,4.00,4.77,-1
469,1.98,4.31,100,1.00,2.01,10.00,4.00,4.82,-1
470,1.98,4.31,100,0.00,0.00,10.00,3.00,10.00,-1
471,1.98,4.31,100,0.00,0.00,10.00,3.00,10.00,-1
472,1.98,4.31,100,1.00,1.99,10.00,4.00,4.96,-1
473,1.98,4.31,100,1.00,2.37,10.00,4.00,4.93,-1
474,1.98,4.31,100,0.00,0.00,10.00,3.00,10.00,-1
475,1.98,4.31,100,1.00,2.04,10.00,4.00,4.83,-1
476,1.98,4.31,100,1.00,2.04,10.00,4.00,4.81,-1
477,1.98,4.31,100,1.00,2.04,10.00,4.00,4.79,-1
478,1.98,4.31,100,1.00,2.07,10.00,4.00,4.85,-1
479,1.98,4.31,100,1.00,2.27,10.00,4.00,4.70,-1
480,1.98,4.31,100,1.00,2.01,10.00,4.00,4.85,-1
481,1.98,4.31,100,1.00,2.08,10.00,4.00,4.92,-1
482,1.98,4.31,100,1.00,2.07,10.00,4.00,4.85,-1
483,1.98,4.31,100,1.00,2.00,10.00,4.00,4.89,-1
484,1.98,4.31,100,1.00,1.99,10.00,4.00,4.96,-1
485,1.98,4.31,100,1.00,2.00,10.00,4.00,4.89,-1
486,1.98,4.31,100,1.00,2.00,10.00,4.00,4.86,-1
487,1.98,4.31,100,1.00,1.99,10.00,4.00,4.95,-1
488,1.98,4.31,100,1.00,1.99,10.00,4.00,4.91,-1
489,1.98,4.31,100,1.00,2.00,10.00,4.00,4.91,-1
490,1.98,4.31,100,1.00,2.01,10.00,4.00,4.86,-1
491,1.98,4.31,100,1.00,2.05,10.00,4.00,4.78,-1
492,1.98,4.31,100,1.00,2.07,10.00,4.00,4.76,-1
493,1.98,4.31,100,1.00,2.08,10.00,4.00,4.73,-1
494,1.98,4.31,100,0.00,0.00,0.69,3.00,10.00,-1
495,1.98,4.31,100,0.00,0.00,0.71,3.00,10.00,-1
496,1.98,4.31,100,0.00,0.00,0.78,3.00,10.00,-1
497,1.98,4.31,100,1.00,6.61,10.00,4.00,2.63,-1
498,1.98,4.31,100,1.00,6.59,10.00,4.00,2.67,-1
499,1.98,4.31,100,0.00,0.00,10.00,3.00,10.00,-1
500,1.98,4.31,100,1.00,1.99,10.00,4.00,4.95,-1
501,1.98,4.31,100,1.00,2.07,10.00,4.00,4.76,-1
502,1.98,4.31,100,1.00,2.08,10.00,4.00,4.73,-1
503,1.98,4.31,100,0.00,0.00,0.69,3.00,10.00,-1
504,1.98,4.31,100,0.00,0.00,0.71,3.00,10.00,-1
505,1.98,4.31,100,0.00,0.00,0.78,3.00,10.00,-1
506,1.98,4.31,100,1.00,6.61,10.00,4.00,2.63,-1
507,1.98,4.31,100,1.00,6.59,10.00,4.00,2.67,-1
508,1.98,4.31,100,0.00,0.00,10.00,3.00,10.00,-1
509,1.98,4.31,100,1.00,2.06,10.00,4.00,4.78,-1
510,1.98,4.31,100,1.00,2.05,10.00,4.00,4.70,-1
511,1.98,4.31,100,1.00,6.59,10.00,4.00,2.63,-1
512,1.98,4.31,100,0.00,0.00,10.00,3.00,10.00,-1
513,1.98,4.31,100,1.00,1.99,10.00,4.00,4.91,-1
514,1.98,4.31,100,1.00,2.07,10.00,4.00,5.12,-1
515,1.98,4.31,100,1.00,2.07,10.00,4.00,4.85,-1
516,1.98,4.31,100,1.00,2.05,10.00,4.00,4.78,-1
517,1.98,4.31,100,1.00,1.99,10.00,4.00,4.95,-1
518,1.98,4.31,100,1.00,2.07,10.00,4.00,4.76,-1
519,1.98,4.31,100,1.00,2.08,10.00,4.00,4.73,-1
520,1.98,4.31,100,0.00,0.00,0.69,3.00,10.00,-1
521,1.98,4.31,100,0.00,0.00,0.71,3.00,10.00,-1
522,1.98,4.31,100,0.00,0.00,0.78,3.00,10.00,-1
523,1.98,4.31,100,1.00,6.61,10.00,4.00,2.63,-1
524,1.98,4.31,100,1.00,6.59,10.00,4.00,2.67,-1
525,1.98,4.31,100,0.00,0.00,10.00,3.00,10.00,-1
526,1.98,4.31,100,1.00,2.06,10.00,4.00,4.78,-1
527,1.98,4.31,100,1.00,6.59,10.00,4.00,2.63,-1
528,1.98,4.31,100,1.00,2.05,10.00,4.00,4.70,-1
529,1.98,4.31,100,0.00,0.00,10.00,3.00,10.00,-1
530,1.98,4.31,100,1.00,2.05,10.00,4.00,4.71,-1
531,1.98,4.31,100,0.00,0.00,10.00,3.00,10.00,-1
532,1.98,4.31,100,1.00,2.05,10.00,4.00,4.70,-1
533,1.98,4.31,100,0.00,0.00,10.00,3.00,10.00,-1
534,1.98,4.31,100,1.00,1.99,10.00,4.00,4.95,-1
535,1.98,4.31,100,0.00,0.00,0.69,3.00,10.00,-1
536,1.98,4.31,100,0.00,0.00,0.71,3.00,10.00,-1
537,1.98,4.31,100,0.00,0.00,0.78,3.00,10.00,-1
538,1.98,4.31,100,1.00,6.61,10.00,4.00,2.63,-1
539,1.98,4.31,100,1.00,6.59,10.00,4.00,2.67,-1
540,1.98,4.31,100,0.00,0.00,10.00,3.00,10.00,-1
541,1.98,4.31,100,1.00,6.59,10.00,4.00,2.63,-1
542,1.98,4.31,100,1.00,2.05,10.00,4.00,4.70,-1
543,1.98,4.31,100,0.00,0.00,10.00,3.00,10.00,-1
544,1.98,4.31,100,1.00,2.05,10.00,4.00,4.71,-1
545,1.98,4.31,100,1.00,2.08,10.00,4.00,4.66,-1
546,1.98,4.31,100,1.00,2.05,10.00,4.00,4.76,-1
547,1.98,4.31,100,1.00,2.08,10.00,4.00,4.67,-1
548,1.98,4.31,100,0.00,0.00,0.12,3.00,10.00,-1
549,1.98,4.31,100,0.00,0.00,10.00,3.00,10.00,-1
550,1.98,4.31,100,0.00,0.00,10.00,3.00,10.00,-1
551,1.98,4.31,100,0.00,0.00,10.00,3.00,10.00,-1
552,1.98,4.31,100,1.00,1.99,10.00,4.00,4.95,-1
553,1.98,4.31,100,0.00,0.00,0.12,3.00,10.00,-1
554,1.98,4.31,100,0.00,0.00,0.69,3.00,10.00,-1
555,1.98,4.31,100,1.00,2.08,10.00,4.00,4.67,-1
556,1.98,4.31,100,0.00,0.00,0.78,3.00,10.00,-1
557,1.98,4.31,100,1.00,6.59,10.00,4.00,2.63,-1
558,1.98,4.31,100,0.00,0.00,0.71,3.00,10.00,-1
559,1.98,4.31,100,1.00,2.08,10.00,4.00,4.66,-1
560,1.98,4.31,100,1.00,2.05,10.00,4.00,4.71,-1
561,1.98,4.31,100,1.00,2.05,10.00,4.00,4.70,-1
562,1.98,4.31,100,1.00,2.05,10.00,4.00,4.76,-1
563,1.98,4.31,100,1.00,6.61,10.00,4.00,2.63,-1
564,1.98,4.31,100,1.00,6.59,10.00,4.00,2.67,-1
565,1.98,4.31,100,1.00,2.08,10.00,4.00,4.66,-1
566,1.98,4.31,100,0.00,0.00,10.00,3.00,10.00,-1
567,1.98,4.31,100,0.00,0.00,10.00,3.00,10.00,-1
568,1.98,4.31,100,1.00,1.99,10.00,4.00,4.95,-1
569,1.98,4.31,100,1.00,2.05,10.00,4.00,4.70,-1
570,1.98,4.31,100,1.00,2.05,10.00,4.00,4.76,-1
571,1.98,4.31,100,1.00,2.05,10.00,4.00,4.71,-1
572,1.98,4.31,100,1.00,2.08,10.00,4.00,4.66,-1
573,1.98,4.31,100,1.00,2.08,10.00,4.00,4.66,-1
574,1.98,4.31,100,1.00,2.08,10.00,4.00,4.67,-1
575,1.98,4.31,100,0.00,0.00,0.12,3.00,10.00,-1
576,1.98,4.31,100,0.00,0.00,0.69,3.00,10.00,-1
577,1.98,4.31,100,0.00,0.00,0.71,3.00,10.00,-1
578,1.98,4.31,100,0.00,0.00,0.78,3.00,10.00,-1
579,1.98,4.31,100,1.00,6.59,10.00,4.00,2.63,-1
580,1.98,4.31,100,1.00,6.61,10.00,4.00,2.63,-1
581,1.98,4.31,100,1.00,6.59,10.00,4.00,2.67,-1
582,1.98,4.31,100,0.00,0.00,10.00,3.00,10.00,-1
583,1.98,4.31,100,0.00,0.00,10.00,3.00,10.00,-1
584,1.98,4.31,100,0.00,0.00,10.00,3.00,10.00,-1
585,1.98,4.31,100,1.00,1.99,10.00,4.00,4.95,-1
586,1.98,4.31,100,1.00,2.05,10.00,4.00,4.70,-1
587,1.98,4.31,100,1.00,2.05,10.00,4.00,4.76,-1
588,1.98,4.31,100,1.00,2.05,10.00,4.00,4.71,-1
589,1.98,4.31,100,1.00,2.08,10.00,4.00,4.66,-1
590,1.98,4.31,100,1.00,2.08,10.00,4.00,4.66,-1
591,1.98,4.31,100,1.00,2.08,10.00,4.00,4.67,-1
592,1.98,4.31,100,0.00,0.00,0.12,3.00,10.00,-1
593,1.98,4.31,100,0.00,0.00,0.69,3.00,10.00,-1
594,1.98,4.31,100,0.00,0.00,0.71,3.00,10.00,-1
595,1.98,4.31,100,1.00,6.59,10.00,4.00,2.63,-1
596,1.98,4.31,100,1.00,6.61,10.00,4.00,2.63,-1
597,1.98,4.31,100,1.00,6.59,10.00,4.00,2.67,-1
598,1.98,4.31,100,0.00,0.00,10.00,3.00,10.00,-1
599,1.98,4.31,100,0.00,0.00,10.00,3.00,10.00,-1
600,1.98,4.31,100,0.00,0.00,10.00,3.00,10.00,-1
601,1.98,4.31,100,0.00,0.00,0.75,3.00,10.00,-1
602,1.98,4.31,100,0.00,0.00,10.00,3.00,10.00,-1
603,1.98,4.31,100,0.00,0.00,10.00,3.00,10.00,-1
604,1.98,4.31,100,0.00,0.00,10.00,3.00,10.00,-1
605,1.98,4.31,100,1.00,1.99,10.00,4.00,4.94,-1
606,1.98,4.31,100,0.00,0.00,0.12,3.00,10.00,-1
607,1.98,4.31,100,0.00,0.00,0.78,3.00,10.00,-1
608,1.98,4.31,100,1.00,2.08,10.00,4.00,4.67,-1
609,1.98,4.31,100,1.00,6.57,10.00,4.00,2.66,-1
610,1.98,4.31,100,1.00,1.99,10.00,4.00,4.95,-1
611,1.98,4.31,100,1.00,2.05,10.00,4.00,4.70,-1
612,1.98,4.31,100,1.00,2.05,10.00,4.00,4.76,-1
613,1.98,4.31,100,1.00,2.05,10.00,4.00,4.71,-1
614,1.98,4.31,100,1.00,2.08,10.00,4.00,4.66,-1
615,1.98,4.31,100,1.00,2.08,10.00,4.00,4.66,-1
616,1.98,4.31,100,1.00,2.08,10.00,4.00,4.67,-1
617,1.98,4.31,100,0.00,0.00,0.12,3.00,10.00,-1
618,1.98,4.31,100,1.00,6.59,10.00,4.00,2.63,-1
619,1.98,4.31,100,1.00,6.61,10.00,4.00,2.63,-1
620,1.98,4.31,100,1.00,6.59,10.00,4.00,2.67,-1
621,1.98,4.31,100,0.00,0.00,10.00,3.00,10.00,-1
622,1.98,4.31,100,0.00,0.00,0.11,3.00,10.00,-1
623,1.98,4.31,100,0.00,0.00,0.83,3.00,10.00,-1
624,1.98,4.31,100,0.00,0.00,0.81,3.00,10.00,-1
625,1.98,4.31,100,1.00,1.99,10.00,4.00,4.94,-1
626,1.98,4.31,100,0.00,0.00,10.00,3.00,10.00,-1
627,1.98,4.31,100,0.00,0.00,0.12,3.00,10.00,-1
628,1.98,4.31,100,0.00,0.00,0.69,3.00,10.00,-1
629,1.98,4.31,100,1.00,2.08,10.00,4.00,4.67,-1
630,1.98,4.31,100,0.00,0.00,0.92,3.00,10.00,-1
631,1.98,4.31,100,0.00,0.00,0.75,3.00,10.00,-1
632,1.98,4.31,100,0.00,0.00,10.00,3.00,10.00,-1
633,1.98,4.31,100,0.00,0.00,0.71,3.00,10.00,-1
634,1.98,4.31,100,1.00,2.05,10.00,4.00,4.75,-1
635,1.98,4.31,100,1.00,1.99,10.00,4.00,4.95,-1
636,1.98,4.31,100,1.00,2.05,10.00,4.00,4.70,-1
637,1.98,4.31,100,1.00,2.05,10.00,4.00,4.76,-1
638,1.98,4.31,100,1.00,2.05,10.00,4.00,4.71,-1
639,1.98,4.31,100,1.00,2.08,10.00,4.00,4.66,-1
640,1.98,4.31,100,1.00,2.08,10.00,4.00,4.66,-1
641,1.98,4.31,100,1.00,2.08,10.00,4.00,4.67,-1
642,1.98,4.31,100,0.00,0.00,0.12,3.00,10.00,-1
643,1.98,4.31,100,1.00,6.59,10.00,4.00,2.63,-1
644,1.98,4.31,100,1.00,6.61,10.00,4.00,2.63,-1
645,1.98,4.31,100,1.00,6.59,10.00,4.00,2.67,-1
646,1.98,4.31,100,0.00,0.00,10.00,3.00,10.00,-1
647,1.98,4.31,100,0.00,0.00,0.11,3.00,10.00,-1
648,1.98,4.31,100,0.00,0.00,0.83,3.00,10.00,-1
649,1.98,4.31,100,0.00,0.00,0.81,3.00,10.00,-1
650,1.98,4.31,100,0.00,0.00,10.00,3.00,10.00,-1
651,1.98,4.31,100,0.00,0.00,10.00,3.00,10.00,-1
652,1.98,4.31,100,1.00,6.62,10.00,4.00,2.64,-1
653,1.98,4.31,100,1.00,2.08,10.00,4.00,4.66,-1
654,1.98,4.31,100,0.00,0.00,0.92,3.00,10.00,-1
655,1.98,4.31,100,1.00,1.99,10.00,4.00,4.94,-1
656,1.98,4.31,100,0.00,0.00,10.00,3.00,10.00,-1
657,1.98,4.31,100,0.00,0.00,0.12,3.00,10.00,-1
658,1.98,4.31,100,0.00,0.00,0.69,3.00,10.00,-1
659,1.98,4.31,100,1.00,2.08,10.00,4.00,4.67,-1
660,1.98,4.31,100,1.00,1.99,10.00,4.00,4.95,-1
661,1.98,4.31,100,1.00,2.05,10.00,4.00,4.70,-1
662,1.98,4.31,100,1.00,2.05,10.00,4.00,4.76,-1
663,1.98,4.31,100,1.00,2.05,10.00,4.00,4.71,-1
664,1.98,4.31,100,1.00,2.08,10.00,4.00,4.66,-1
665,1.98,4.31,100,1.00,2.08,10.00,4.00,4.66,-1
666,1.98,4.31,100,1.00,2.08,10.00,4.00,4.67,-1
667,1.98,4.31,100,0.00,0.00,0.12,3.00,10.00,-1
668,1.98,4.31,100,1.00,6.59,10.00,4.00,2.63,-1
669,1.98,4.31,100,1.00,6.61,10.00,4.00,2.63,-1
670,1.98,4.31,100,1.00,6.59,10.00,4.00,2.67,-1
671,1.98,4.31,100,0.00,0.00,10.00,3.00,10.00,-1
672,1.98,4.31,100,0.00,0.00,0.11,3.00,10.00,-1
673,1.98,4.31,100,0.00,0.00,10.00,3.00,10.00,-1
674,1.98,4.31,100,0.00,0.00,10.00,3.00,10.00,-1
675,1.98,4.31,100,1.00,6.62,10.00,4.00,2.64,-1
676,1.98,4.31,100,1.00,2.08,10.00,4.00,4.66,-1
677,1.98,4.31,100,0.00,0.00,0.83,3.00,10.00,-1
678,1.98,4.31,100,1.00,6.53,10.00,4.00,2.64,-1
679,1.98,4.31,100,1.00,2.05,10.00,4.00,4.70,-1
680,1.98,4.31,100,0.00,0.00,0.12,3.00,10.00,-1
681,1.98,4.31,100,0.00,0.00,10.00,3.00,10.00,-1
682,1.98,4.31,100,0.00,0.00,10.00,3.00,10.00,-1
683,1.98,4.31,100,0.00,0.00,0.82,3.00,10.00,-1
684,1.98,4.31,100,1.00,6.58,10.00,4.00,2.63,-1
685,1.98,4.31,100,1.00,1.99,10.00,4.00,4.95,-1
686,1.98,4.31,100,1.00,2.05,10.00,4.00,4.70,-1
687,1.98,4.31,100,1.00,2.05,10.00,4.00,4.76,-1
688,1.98,4.31,100,1.00,2.05,10.00,4.00,4.71,-1
689,1.98,4.31,100,1.00,2.05,10.00,4.00,4.70,-1
690,1.98,4.31,100,1.00,2.08,10.00,4.00,4.66,-1
691,1.98,4.31,100,1.00,2.08,10.00,4.00,4.66,-1
692,1.98,4.31,100,1.00,2.08,10.00,4.00,4.67,-1
693,1.98,4.31,100,1.00,2.08,10.00,4.00,4.66,-1
694,1.98,4.31,100,0.00,0.00,0.12,3.00,10.00,-1
695,1.98,4.31,100,0.00,0.00,0.12,3.00,10.00,-1
696,1.98,4.31,100,0.00,0.00,0.11,3.00,10.00,-1
697,1.98,4.31,100,0.00,0.00,0.82,3.00,10.00,-1
698,1.98,4.31,100,0.00,0.00,0.83,3.00,10.00,-1
699,1.98,4.31,100,1.00,6.53,10.00,4.00,2.64,-1
700,1.98,4.31,100,1.00,6.58,10.00,4.00,2.63,-1
701,1.98,4.31,100,1.00,6.59,10.00,4.00,2.63,-1
702,1.98,4.31,100,1.00,6.61,10.00,4.00,2.63,-1
703,1.98,4.31,100,1.00,6.62,10.00,4.00,2.64,-1
704,1.98,4.31,100,1.00,6.59,10.00,4.00,2.67,-1
705,1.98,4.31,100,0.00,0.00,10.00,3.00,10.00,-1
706,1.98,4.31,100,0.00,0.00,10.00,3.00,10.00,-1
707,1.98,4.31,100,0.00,0.00,10.00,3.00,10.00,-1
708,1.98,4.31,100,0.00,0.00,10.00,3.00,10.00,-1
709,1.98,4.31,100,0.00,0.00,10.00,3.00,10.00,-1
710,1.98,4.31,100,1.00,1.99,10.00,4.00,4.95,-1
711,1.98,4.31,100,1.00,2.05,10.00,4.00,4.70,-1
712,1.98,4.31,100,1.00,2.05,10.00,4.00,4.76,-1
713,1.98,4.31,100,0.00,0.00,0.11,3.00,10.00,-1
714,1.98,4.31,100,0.00,0.00,0.82,3.00,10.00,-1
715,1.98,4.31,100,0.00,0.00,0.83,3.00,10.00,-1
716,1.98,4.31,100,1.00,6.53,10.00,4.00,2.64,-1
717,1.98,4.31,100,1.00,6.58,10.00,4.00,2.63,-1
718,1.98,4.31,100,1.00,6.59,10.00,4.00,2.63,-1
719,1.98,4.31,100,1.00,6.61,10.00,4.00,2.63,-1
720,1.98,4.31,100,1.00,6.62,10.00,4.00,2.64,-1
721,1.98,4.31,100,1.00,6.59,10.00,4.00,2.67,-1
722,1.98,4.31,100,0.00,0.00,10.00,3.00,10.00,-1
723,1.98,4.31,100,0.00,0.00,10.00,3.00,10.00,-1
724,1.98,4.31,100,0.00,0.00,10.00,3.00,10.00,-1
725,1.98,4.31,100,0.00,0.00,10.00,3.00,10.00,-1
726,1.98,4.31,100,0.00,0.00,10.00,3.00,10.00,-1
727,1.98,4.31,100,1.00,6.62,10.00,4.00,2.64,-1
728,1.98,4.31,100,1.00,2.05,10.00,4.00,4.70,-1
729,1.98,4.31,100,1.00,2.08,10.00,4.00,4.69,-1
730,1.98,4.31,100,0.00,0.00,0.11,3.00,10.00,-1
731,1.98,4.31,100,0.00,0.00,10.00,3.00,10.00,-1
732,1.98,4.31,100,0.00,0.00,10.00,3.00,10.00,-1
733,1.98,4.31,100,0.00,0.00,0.12,3.00,10.00,-1
734,1.98,4.31,100,0.00,0.00,0.11,3.00,10.00,-1
735,1.98,4.31,100,0.00,0.00,0.12,3.00,10.00,-1
736,1.98,4.31,100,0.00,0.00,0.12,3.00,10.00,-1
737,1.98,4.31,100,1.00,6.57,10.00,4.00,2.63,-1
738,1.98,4.31,100,0.00,0.00,10.00,3.00,10.00,-1
739,1.98,4.31,100,1.00,2.08,10.00,4.00,4.66,-1
740,1.98,4.31,100,1.00,2.08,10.00,4.00,4.57,-1
741,1.98,4.31,100,1.00,2.05,10.00,4.00,4.71,-1
742,1.98,4.31,100,0.00,0.00,10.00,3.00,10.00,-1
743,1.98,4.31,100,0.00,0.00,0.82,3.00,10.00,-1
744,1.98,4.31,100,0.00,0.00,0.18,3.00,10.00,-1
745,1.98,4.31,100,0.00,0.00,0.12,3.00,10.00,-1
746,1.98,4.31,100,1.00,2.08,10.00,4.00,4.66,-1
747,1.98,4.31,100,1.00,6.58,10.00,4.00,2.63,-1
748,1.98,4.31,100,0.00,0.00,0.12,3.00,10.00,-1
749,1.98,4.31,100,1.00,1.99,10.00,4.00,4.95,-1
750,1.98,4.31,100,1.00,2.05,10.00,4.00,4.70,-1
751,1.98,4.31,100,1.00,2.05,10.00,4.00,4.76,-1
752,1.98,4.31,100,0.00,0.00,0.11,3.00,10.00,-1
753,1.98,4.31,100,0.00,0.00,0.82,3.00,10.00,-1
754,1.98,4.31,100,0.00,0.00,0.83,3.00,10.00,-1
755,1.98,4.31,100,1.00,6.53,10.00,4.00,2.64,-1
756,1.98,4.31,100,1.00,6.58,10.00,4.00,2.63,-1
757,1.98,4.31,100,1.00,6.59,10.00,4.00,2.63,-1
758,1.98,4.31,100,1.00,6.61,10.00,4.00,2.63,-1
759,1.98,4.31,100,1.00,6.62,10.00,4.00,2.64,-1
760,1.98,4.31,100,1.00,6.59,10.00,4.00,2.67,-1
761,1.98,4.31,100,0.00,0.00,10.00,3.00,10.00,-1
762,1.98,4.31,100,0.00,0.00,10.00,3.00,10.00,-1
763,1.98,4.31,100,0.00,0.00,10.00,3.00,10.00,-1
764,1.98,4.31,100,0.00,0.00,10.00,3.00,10.00,-1
765,1.98,4.31,100,0.00,0.00,10.00,3.00,10.00,-1
766,1.98,4.31,100,1.00,6.62,10.00,4.00,2.64,-1
767,1.98,4.31,100,1.00,2.05,10.00,4.00,4.70,-1
768,1.98,4.31,100,1.00,2.08,10.00,4.00,4.69,-1
769,1.98,4.31,100,0.00,0.00,0.11,3.00,10.00,-1
770,1.98,4.31,100,0.00,0.00,10.00,3.00,10.00,-1
771,1.98,4.31,100,0.00,0.00,10.00,3.00,10.00,-1
772,1.98,4.31,100,0.00,0.00,0.12,3.00,10.00,-1
773,1.98,4.31,100,0.00,0.00,0.11,3.00,10.00,-1
774,1.98,4.31,100,0.00,0.00,0.12,3.00,10.00,-1
775,1.98,4.31,100,1.00,6.57,10.00,4.00,2.63,-1
776,1.98,4.31,100,0.00,0.00,10.00,3.00,10.00,-1
777,1.98,4.31,100,1.00,2.08,10.00,4.00,4.66,-1
778,1.98,4.31,100,1.00,2.08,10.00,4.00,4.57,-1
779,1.98,4.31,100,0.00,0.00,0.11,3.00,10.00,-1
780,1.98,4.31,100,1.00,2.05,10.00,4.00,4.70,-1
781,1.98,4.31,100,0.00,0.00,0.11,3.00,10.00,-1
782,1.98,4.31,100,0.00,0.00,10.00,3.00,10.00,-1
783,1.98,4.31,100,0.00,0.00,10.00,3.00,10.00,-1
784,1.98,4.31,100,1.00,2.05,10.00,4.00,4.76,-1
785,1.98,4.31,100,0.00,0.00,0.82,3.00,10.00,-1
786,1.98,4.31,100,0.00,0.00,0.10,3.00,10.00,-1
787,1.98,4.31,100,1.00,2.08,10.00,4.00,4.66,-1
788,1.98,4.31,100,1.00,1.99,10.00,4.00,4.95,-1
789,1.98,4.31,100,1.00,2.05,10.00,4.00,4.70,-1
790,1.98,4.31,100,1.00,2.05,10.00,4.00,4.76,-1
791,1.98,4.31,100,0.00,0.00,0.11,3.00,10.00,-1
792,1.98,4.31,100,0.00,0.00,0.82,3.00,10.00,-1
793,1.98,4.31,100,0.00,0.00,0.83,3.00,10.00,-1
794,1.98,4.31,100,1.00,6.58,10.00,4.00,2.63,-1
795,1.98,4.31,100,1.00,6.59,10.00,4.00,2.63,-1
796,1.98,4.31,100,1.00,6.62,10.00,4.00,2.64,-1
797,1.98,4.31,100,1.00,6.59,10.00,4.00,2.67,-1
798,1.98,4.31,100,0.00,0.00,10.00,3.00,10.00,-1
799,1.98,4.31,100,0.00,0.00,10.00,3.00,10.00,-1
800,1.98,4.31,100,0.00,0.00,10.00,3.00,10.00,-1
801,1.98,4.31,100,0.00,0.00,10.00,3.00,10.00,-1
802,1.98,4.31,100,0.00,0.00,10.00,3.00,10.00,-1
803,1.98,4.31,100,1.00,6.62,10.00,4.00,2.64,-1
804,1.98,4.31,100,1.00,2.05,10.00,4.00,4.70,-1
805,1.98,4.31,100,1.00,2.08,10.00,4.00,4.69,-1
806,1.98,4.31,100,0.00,0.00,0.11,3.00,10.00,-1
807,1.98,4.31,100,0.00,0.00,10.00,3.00,10.00,-1
808,1.98,4.31,100,0.00,0.00,10.00,3.00,10.00,-1
809,1.98,4.31,100,0.00,0.00,0.12,3.00,10.00,-1
810,1.98,4.31,100,0.00,0.00,0.11,3.00,10.00,-1
811,1.98,4.31,100,0.00,0.00,0.12,3.00,10.00,-1
812,1.98,4.31,100,0.00,0.00,10.00,3.00,10.00,-1
813,1.98,4.31,100,1.00,2.08,10.00,4.00,4.66,-1
814,1.98,4.31,100,1.00,2.08,10.00,4.00,4.57,-1
815,1.98,4.31,100,0.00,0.00,0.11,3.00,10.00,-1
816,1.98,4.31,100,1.00,2.05,10.00,4.00,4.70,-1
817,1.98,4.31,100,0.00,0.00,0.11,3.00,10.00,-1
818,1.98,4.31,100,0.00,0.00,10.00,3.00,10.00,-1
819,1.98,4.31,100,1.00,6.60,10.00,4.00,2.61,-1
820,1.98,4.31,100,0.00,0.00,10.00,3.00,10.00,-1
821,1.98,4.31,100,1.00,2.08,10.00,4.00,4.66,-1
822,1.98,4.31,100,0.00,0.00,10.00,3.00,10.00,-1
823,1.98,4.31,100,0.00,0.00,0.66,3.00,10.00,-1
824,1.98,4.31,100,0.00,0.00,10.00,3.00,10.00,-1
825,1.98,4.31,100,1.00,2.10,10.00,4.00,4.54,-1
826,1.98,4.31,100,1.00,6.61,10.00,4.00,2.63,-1
827,1.98,4.31,100,0.00,0.00,10.00,3.00,10.00,-1
828,1.98,4.31,100,1.00,1.99,10.00,4.00,4.95,-1
829,1.98,4.31,100,1.00,2.10,10.00,4.00,4.54,-1
830,1.98,4.31,100,0.00,0.00,0.83,3.00,10.00,-1
831,1.98,4.31,100,0.00,0.00,0.11,3.00,10.00,-1
832,1.98,4.31,100,1.00,6.60,10.00,4.00,2.61,-1
833,1.98,4.31,100,0.00,0.00,0.12,3.00,10.00,-1
834,1.98,4.31,100,0.00,0.00,0.11,3.00,10.00,-1
835,1.98,4.31,100,0.00,0.00,0.66,3.00,10.00,-1
836,1.98,4.31,100,0.00,0.00,0.82,3.00,10.00,-1
837,1.98,4.31,100,1.00,2.08,10.00,4.00,4.69,-1
838,1.98,4.31,100,0.00,0.00,0.11,3.00,10.00,-1
839,1.98,4.31,100,0.00,0.00,0.12,3.00,10.00,-1
840,1.98,4.31,100,0.00,0.00,0.11,3.00,10.00,-1
841,1.98,4.31,100,1.00,2.08,10.00,4.00,4.66,-1
842,1.98,4.31,100,1.00,2.08,10.00,4.00,4.57,-1
843,1.98,4.31,100,1.00,2.05,10.00,4.00,4.70,-1
844,1.98,4.31,100,1.00,2.05,10.00,4.00,4.76,-1
845,1.98,4.31,100,1.00,2.05,10.00,4.00,4.70,-1
846,1.98,4.31,100,1.00,6.61,10.00,4.00,2.63,-1
847,1.98,4.31,100,0.00,0.00,10.00,3.00,10.00,-1
848,1.98,4.31,100,1.00,6.59,10.00,4.00,2.63,-1
849,1.98,4.31,100,1.00,6.62,10.00,4.00,2.64,-1
850,1.98,4.31,100,1.00,6.59,10.00,4.00,2.67,-1
851,1.98,4.31,100,1.00,6.60,10.00,4.00,2.66,-1
852,1.98,4.31,100,1.00,6.58,10.00,4.00,2.63,-1
853,1.98,4.31,100,0.00,0.00,10.00,3.00,10.00,-1
854,1.98,4.31,100,1.00,6.60,10.00,4.00,2.61,-1
855,1.98,4.31,100,0.00,0.00,0.82,3.00,10.00,-1
856,1.98,4.31,100,1.00,2.05,10.00,4.00,4.70,-1
857,1.98,4.31,100,1.00,6.60,10.00,4.00,2.61,-1
858,1.98,4.31,100,0.00,0.00,10.00,3.00,10.00,-1
859,1.98,4.31,100,1.00,2.08,10.00,4.00,4.66,-1
860,1.98,4.31,100,0.00,0.00,10.00,3.00,10.00,-1
861,1.98,4.31,100,1.00,6.62,10.00,4.00,2.64,-1
862,1.98,4.31,100,0.00,0.00,10.00,3.00,10.00,-1
863,1.98,4.31,100,1.00,2.08,10.00,4.00,4.66,-1
864,1.98,4.31,100,0.00,0.00,10.00,3.00,10.00,-1
865,1.98,4.31,100,0.00,0.00,10.00,3.00,10.00,-1
866,1.98,4.31,100,1.00,1.99,10.00,4.00,4.95,-1
867,1.98,4.31,100,1.00,2.05,10.00,4.00,4.70,-1
868,1.98,4.31,100,1.00,2.05,10.00,4.00,4.70,-1
869,1.98,4.31,100,1.00,2.05,10.00,4.00,4.70,-1
870,1.98,4.31,100,1.00,2.05,10.00,4.00,4.76,-1
871,1.98,4.31,100,1.00,2.08,10.00,4.00,4.57,-1
872,1.98,4.31,100,1.00,2.08,10.00,4.00,4.66,-1
873,1.98,4.31,100,1.00,2.08,10.00,4.00,4.66,-1
874,1.98,4.31,100,1.00,2.08,10.00,4.00,4.66,-1
875,1.98,4.31,100,1.00,2.08,10.00,4.00,4.69,-1
876,1.98,4.31,100,1.00,2.10,10.00,4.00,4.54,-1
877,1.98,4.31,100,1.00,1.99,10.00,4.00,4.95,-1
878,1.98,4.31,100,1.00,2.05,10.00,4.00,4.73,-1
879,1.98,4.31,100,1.00,2.10,10.00,4.00,4.54,-1
880,1.98,4.31,100,0.00,0.00,10.00,3.00,10.00,-1
881,1.98,4.31,100,1.00,2.10,10.00,4.00,4.49,-1
882,1.98,4.31,100,1.00,2.08,10.00,4.00,4.61,-1
883,1.98,4.31,100,1.00,2.11,10.00,4.00,4.62,-1
884,1.98,4.31,100,1.00,2.12,10.00,4.00,4.78,-1
885,1.98,4.31,100,1.00,2.69,10.00,4.00,4.60,-1
886,1.98,4.31,100,1.00,2.05,10.00,4.00,4.70,-1
887,1.98,4.31,100,1.00,2.05,10.00,4.00,4.70,-1
888,1.98,4.31,100,1.00,2.05,10.00,4.00,4.70,-1
889,1.98,4.31,100,1.00,2.10,10.00,4.00,4.54,-1
890,1.98,4.31,100,1.00,2.10,10.00,4.00,4.54,-1
891,1.98,4.31,100,1.00,2.09,10.00,4.00,4.55,-1
892,1.98,4.31,100,1.00,2.10,10.00,4.00,4.55,-1
893,1.98,4.31,100,1.00,2.08,10.00,4.00,4.66,-1
894,1.98,4.31,100,1.00,2.08,10.00,4.00,4.61,-1
895,1.98,4.31,100,1.00,2.11,10.00,4.00,4.62,-1
896,1.98,4.31,100,1.00,2.12,10.00,4.00,4.83,-1
897,1.98,4.31,100,1.00,1.99,10.00,4.00,4.95,-1
898,1.98,4.31,100,1.00,2.11,10.00,4.00,4.62,-1
899,1.98,4.31,100,1.00,2.08,10.00,4.00,4.66,-1
900,1.98,4.31,100,1.00,2.08,10.00,4.00,4.66,-1
901,1.98,4.31,100,1.00,2.08,10.00,4.00,4.66,-1
902,1.98,4.31,100,1.00,2.08,10.00,4.00,4.69,-1
903,1.98,4.31,100,1.00,2.08,10.00,4.00,4.68,-1
904,1.98,4.31,100,1.00,2.05,10.00,4.00,4.76,-1
905,1.98,4.31,100,1.00,2.08,10.00,4.00,4.57,-1
906,1.98,4.31,100,1.00,2.05,10.00,4.00,4.76,-1
907,1.98,4.31,100,1.00,2.05,10.00,4.00,4.76,-1
908,1.98,4.31,100,1.00,2.10,10.00,4.00,4.63,-1
909,1.98,4.31,100,1.00,2.08,10.00,4.00,4.66,-1
910,1.98,4.31,100,1.00,2.08,10.00,4.00,4.69,-1
911,1.98,4.31,100,1.00,2.07,10.00,4.00,4.71,-1
912,1.98,4.31,100,1.00,2.08,10.00,4.00,4.67,-1
913,1.98,4.31,100,1.00,2.05,10.00,4.00,4.70,-1
914,1.98,4.31,100,1.00,2.05,10.00,4.00,4.71,-1
915,1.98,4.31,100,1.00,2.05,10.00,4.00,4.76,-1
916,1.98,4.31,100,1.00,2.08,10.00,4.00,4.79,-1
917,1.98,4.31,100,1.00,2.08,10.00,4.00,4.66,-1
918,1.98,4.31,100,1.00,2.05,10.00,4.00,4.71,-1
919,1.98,4.31,100,1.00,2.05,10.00,4.00,4.70,-1
920,1.98,4.31,100,1.00,2.05,10.00,4.00,4.71,-1
921,1.98,4.31,100,1.00,2.05,10.00,4.00,4.71,-1
922,1.98,4.31,100,1.00,2.08,10.00,4.00,4.66,-1
923,1.98,4.31,100,1.00,2.08,10.00,4.00,4.73,-1
924,1.98,4.31,100,1.00,2.05,10.00,4.00,4.70,-1
925,1.98,4.31,100,1.00,2.05,10.00,4.00,4.70,-1
926,1.98,4.31,100,1.00,2.05,10.00,4.00,4.70,-1
927,1.98,4.31,100,1.00,2.08,10.00,4.00,4.66,-1
928,1.98,4.31,100,1.00,2.05,10.00,4.00,4.69,-1
929,1.98,4.31,100,1.00,2.08,10.00,4.00,4.55,-1
930,1.98,4.31,100,1.00,2.05,10.00,4.00,4.78,-1
931,1.98,4.31,100,1.00,1.99,10.00,4.00,4.93,-1
932,1.98,4.31,100,1.00,2.05,10.00,4.00,4.69,-1
933,1.98,4.31,100,1.00,2.08,10.00,4.00,4.55,-1
934,1.98,4.31,100,1.00,1.99,10.00,4.00,4.89,-1
935,1.98,4.31,100,1.00,1.99,10.00,4.00,4.88,-1
936,1.98,4.31,100,1.00,2.08,10.00,4.00,4.56,-1
937,1.98,4.31,100,1.00,1.99,10.00,4.00,4.84,-1
938,1.98,4.31,100,1.00,2.04,10.00,4.00,4.89,-1
939,1.98,4.31,100,1.00,2.05,10.00,4.00,4.64,-1
940,1.98,4.31,100,1.00,2.09,10.00,4.00,5.30,-1
941,1.98,4.31,100,1.00,1.99,10.00,4.00,4.84,-1
942,1.98,4.31,100,1.00,1.98,10.00,4.00,4.86,-1
943,1.98,4.31,100,1.00,2.05,10.00,4.00,4.91,-1
944,1.98,4.31,100,1.00,2.05,10.00,4.00,4.63,-1
945,1.98,4.31,100,1.00,1.99,10.00,4.00,4.95,-1
946,1.98,4.31,100,1.00,2.05,10.00,4.00,4.73,-1
947,1.98,4.31,100,1.00,2.10,10.00,4.00,4.54,-1
948,1.98,4.31,100,0.00,0.00,10.00,3.00,10.00,-1
949,1.98,4.31,100,1.00,2.10,10.00,4.00,4.49,-1
950,1.98,4.31,100,1.00,2.11,10.00,4.00,4.62,-1
951,1.98,4.31,100,1.00,2.12,10.00,4.00,4.78,-1
952,1.98,4.31,100,1.00,2.69,10.00,4.00,4.60,-1
953,1.98,4.31,100,1.00,2.10,10.00,4.00,4.49,-1
954,1.98,4.31,100,1.00,2.11,10.00,4.00,4.62,-1
955,1.98,4.31,100,1.00,2.13,10.00,4.00,4.83,-1
956,1.98,4.31,100,1.00,2.15,10.00,4.00,4.78,-1
957,1.98,4.31,100,1.00,2.66,10.00,4.00,4.62,-1
958,1.98,4.31,100,1.00,2.08,10.00,4.00,4.61,-1
959,1.98,4.31,100,1.00,2.10,10.00,4.00,4.49,-1
960,1.98,4.31,100,1.00,2.47,10.00,4.00,4.43,-1
961,1.98,4.31,100,1.00,2.11,10.00,4.00,4.62,-1
962,1.98,4.31,100,1.00,2.05,10.00,4.00,4.70,-1
963,1.98,4.31,100,1.00,2.05,10.00,4.00,4.70,-1
964,1.98,4.31,100,1.00,2.05,10.00,4.00,4.70,-1
965,1.98,4.31,100,1.00,2.10,10.00,4.00,4.54,-1
966,1.98,4.31,100,1.00,2.10,10.00,4.00,4.54,-1
967,1.98,4.31,100,0.00,0.00,10.00,3.00,10.00,-1
968,1.98,4.31,100,1.00,2.11,10.00,4.00,4.62,-1
969,1.98,4.31,100,1.00,2.12,10.00,4.00,4.83,-1
970,1.98,4.31,100,1.00,2.12,10.00,4.00,4.83,-1
971,1.98,4.31,100,1.00,2.10,10.00,4.00,4.78,-1
972,1.98,4.31,100,1.00,2.08,10.00,4.00,4.61,-1
973,1.98,4.31,100,1.00,2.09,10.00,4.00,4.55,-1
974,1.98,4.31,100,1.00,2.10,10.00,4.00,4.55,-1
975,1.98,4.31,100,1.00,2.08,10.00,4.00,4.60,-1
976,1.98,4.31,100,1.00,2.15,10.00,4.00,5.29,-1
977,1.98,4.31,100,1.00,2.05,10.00,4.00,4.70,-1
978,1.98,4.31,100,1.00,2.11,10.00,4.00,4.62,-1
979,1.98,4.31,100,1.00,2.08,10.00,4.00,4.61,-1
980,1.98,4.31,100,1.00,2.08,10.00,4.00,4.67,-1
981,1.98,4.31,100,1.00,2.05,10.00,4.00,4.71,-1
982,1.98,4.31,100,1.00,2.08,10.00,4.00,4.66,-1
983,1.98,4.31,100,1.00,2.08,10.00,4.00,4.66,-1
984,1.98,4.31,100,1.00,2.08,10.00,4.00,4.68,-1
985,1.98,4.31,100,1.00,1.99,10.00,4.00,4.95,-1
986,1.98,4.31,100,1.00,2.09,10.00,4.00,4.65,-1
987,1.98,4.31,100,1.00,2.11,10.00,4.00,4.64,-1
988,1.98,4.31,100,1.00,2.11,10.00,4.00,4.62,-1
989,1.98,4.31,100,1.00,2.05,10.00,4.00,4.76,-1
990,1.98,4.31,100,1.00,2.05,10.00,4.00,4.70,-1
991,1.98,4.31,100,1.00,2.08,10.00,4.00,4.64,-1
992,1.98,4.31,100,1.00,2.08,10.00,4.00,4.58,-1
993,1.98,4.31,100,1.00,2.08,10.00,4.00,4.66,-1
994,1.98,4.31,100,1.00,2.05,10.00,4.00,4.69,-1
995,1.98,4.31,100,1.00,2.08,10.00,4.00,4.69,-1
996,1.98,4.31,100,1.00,2.08,10.00,4.00,4.66,-1
997,1.98,4.31,100,1.00,2.08,10.00,4.00,4.66,-1
998,1.98,4.31,100,1.00,2.08,10.00,4.00,4.66,-1
999,1.98,4.31,100,1.00,2.08,10.00,4.00,4.68,-1
1000,1.98,4.31,100,1.00,2.11,10.00,4.00,4.62,-1
1001,1.98,4.31,100,1.00,2.05,10.00,4.00,4.70,-1
1002,1.98,4.31,100,1.00,2.05,10.00,4.00,4.69,-1
1003,1.98,4.31,100,1.00,2.08,10.00,4.00,4.57,-1
1004,1.98,4.31,100,1.00,2.08,10.00,4.00,4.69,-1
1005,1.98,4.31,100,1.00,2.08,10.00,4.00,4.66,-1
1006,1.98,4.31,100,1.00,2.08,10.00,4.00,4.68,-1
1007,1.98,4.31,100,1.00,2.05,10.00,4.00,4.71,-1
1008,1.98,4.31,100,1.00,2.10,10.00,4.00,4.63,-1
1009,1.98,4.31,100,1.00,2.10,10.00,4.00,4.63,-1
1010,1.98,4.31,100,1.00,2.08,10.00,4.00,4.69,-1
1011,1.98,4.31,100,1.00,2.08,10.00,4.00,4.59,-1
1012,1.98,4.31,100,1.00,2.05,10.00,4.00,4.76,-1
1013,1.98,4.31,100,1.00,1.99,10.00,4.00,4.95,-1
1014,1.98,4.31,100,1.00,2.05,10.00,4.00,4.73,-1
1015,1.98,4.31,100,1.00,2.08,10.00,4.00,4.61,-1
1016,1.98,4.31,100,1.00,2.47,10.00,4.00,4.43,-1
1017,1.98,4.31,100,1.00,2.74,10.00,4.00,4.39,-1
1018,1.98,4.31,100,1.00,2.10,10.00,4.00,4.50,-1
1019,1.98,4.31,100,0.00,0.00,10.00,3.00,10.00,-1
1020,1.98,4.31,100,1.00,2.21,10.00,4.00,4.58,-1
1021,1.98,4.31,100,1.00,2.10,10.00,4.00,4.52,-1
1022,1.98,4.31,100,1.00,2.13,10.00,4.00,4.52,-1
1023,1.98,4.31,100,0.00,0.00,10.00,3.00,10.00,-1
1024,1.98,4.31,100,1.00,2.89,10.00,4.00,4.66,-1
1025,1.98,4.31,100,1.00,2.17,10.00,4.00,4.57,-1
1026,1.98,4.31,100,1.00,2.52,10.00,4.00,4.59,-1
1027,1.98,4.31,100,0.00,0.00,10.00,3.00,10.00,-1
1028,1.98,4.31,100,1.00,2.27,10.00,4.00,4.58,-1
1029,1.98,4.31,100,1.00,2.05,10.00,4.00,4.71,-1
1030,1.98,4.31,100,1.00,2.08,10.00,4.00,4.61,-1
1031,1.98,4.31,100,1.00,2.50,10.00,4.00,4.65,-1
1032,1.98,4.31,100,1.00,2.43,10.00,4.00,4.61,-1
1033,1.98,4.31,100,1.00,2.69,10.00,4.00,4.60,-1
1034,1.98,4.31,100,1.00,2.66,10.00,4.00,4.62,-1
1035,1.98,4.31,100,1.00,2.66,10.00,4.00,4.61,-1
1036,1.98,4.31,100,1.00,2.10,10.00,4.00,4.49,-1
1037,1.98,4.31,100,1.00,2.10,10.00,4.00,4.49,-1
1038,1.98,4.31,100,1.00,2.10,10.00,4.00,4.49,-1
1039,1.98,4.31,100,1.00,2.10,10.00,4.00,4.49,-1
1040,1.98,4.31,100,1.00,2.10,10.00,4.00,4.54,-1
1041,1.98,4.31,100,1.00,2.11,10.00,4.00,4.62,-1
1042,1.98,4.31,100,1.00,2.11,10.00,4.00,4.62,-1
1043,1.98,4.31,100,1.00,2.11,10.00,4.00,4.62,-1
1044,1.98,4.31,100,1.00,2.10,10.00,4.00,4.54,-1
1045,1.98,4.31,100,0.00,0.00,10.00,3.00,10.00,-1
1046,1.98,4.31,100,1.00,2.12,10.00,4.00,4.78,-1
1047,1.98,4.31,100,1.00,2.13,10.00,4.00,4.83,-1
1048,1.98,4.31,100,1.00,2.15,10.00,4.00,4.78,-1
1049,1.98,4.31,100,1.00,2.11,10.00,4.00,4.73,-1
1050,1.98,4.31,100,1.00,2.58,10.00,4.00,4.79,-1
1051,1.98,4.31,100,1.00,2.16,10.00,4.00,5.25,-1
1052,1.98,4.31,100,1.00,2.16,10.00,4.00,5.23,-1
1053,1.98,4.31,100,1.00,2.05,10.00,4.00,4.70,-1
1054,1.98,4.31,100,1.00,2.05,10.00,4.00,4.70,-1
1055,1.98,4.31,100,1.00,2.05,10.00,4.00,4.70,-1
1056,1.98,4.31,100,1.00,2.05,10.00,4.00,4.70,-1
1057,1.98,4.31,100,1.00,2.05,10.00,4.00,4.70,-1
1058,1.98,4.31,100,1.00,2.08,10.00,4.00,4.61,-1
1059,1.98,4.31,100,1.00,2.08,10.00,4.00,4.67,-1
1060,1.98,4.31,100,1.00,2.05,10.00,4.00,4.71,-1
1061,1.98,4.31,100,1.00,2.69,10.00,4.00,4.75,-1
1062,1.98,4.31,100,1.00,2.69,10.00,4.00,4.74,-1
1063,1.98,4.31,100,1.00,2.09,10.00,4.00,4.55,-1
1064,1.98,4.31,100,1.00,2.10,10.00,4.00,4.55,-1
1065,1.98,4.31,100,1.00,2.08,10.00,4.00,4.60,-1
1066,1.98,4.31,100,1.00,2.11,10.00,4.00,4.62,-1
1067,1.98,4.31,100,1.00,2.11,10.00,4.00,4.67,-1
1068,1.98,4.31,100,1.00,2.10,10.00,4.00,4.54,-1
1069,1.98,4.31,100,1.00,2.10,10.00,4.00,4.54,-1
1070,1.98,4.31,100,0.00,0.00,10.00,3.00,10.00,-1
1071,1.98,4.31,100,1.00,2.11,10.00,4.00,4.78,-1
1072,1.98,4.31,100,1.00,2.15,10.00,4.00,5.29,-1
1073,1.98,4.31,100,1.00,2.05,10.00,4.00,4.70,-1
1074,1.98,4.31,100,0.00,0.00,10.00,3.00,10.00,-1
1075,1.98,4.31,100,1.00,2.68,10.00,4.00,4.75,-1
1076,1.98,4.31,100,1.00,2.12,10.00,4.00,4.83,-1
1077,1.98,4.31,100,1.00,2.09,10.00,4.00,4.65,-1
1078,1.98,4.31,100,1.00,2.08,10.00,4.00,4.68,-1
1079,1.98,4.31,100,1.00,2.11,10.00,4.00,4.62,-1
1080,1.98,4.31,100,1.00,2.10,10.00,4.00,4.78,-1
1081,1.98,4.31,100,1.00,1.99,10.00,4.00,4.95,-1
1082,1.98,4.31,100,1.00,2.05,10.00,4.00,4.73,-1
1083,1.98,4.31,100,1.00,2.08,10.00,4.00,4.61,-1
1084,1.98,4.31,100,1.00,2.47,10.00,4.00,4.43,-1
1085,1.98,4.31,100,1.00,2.74,10.00,4.00,4.39,-1
1086,1.98,4.31,100,1.00,2.21,10.00,4.00,4.58,-1
1087,1.98,4.31,100,1.00,2.10,10.00,4.00,4.52,-1
1088,1.98,4.31,100,1.00,2.52,10.00,4.00,4.59,-1
1089,1.98,4.31,100,1.00,2.20,10.00,4.00,4.61,-1
1090,1.98,4.31,100,1.00,2.47,10.00,4.00,4.43,-1
1091,1.98,4.31,100,1.00,2.11,10.00,4.00,4.46,-1
1092,1.98,4.31,100,1.00,2.13,10.00,4.00,4.47,-1
1093,1.98,4.31,100,0.00,0.00,10.00,3.00,10.00,-1
1094,1.98,4.31,100,1.00,2.27,10.00,4.00,4.57,-1
1095,1.98,4.31,100,1.00,2.15,10.00,4.00,4.46,-1
1096,1.98,4.31,100,1.00,2.11,10.00,4.00,4.43,-1
1097,1.98,4.31,100,1.00,3.03,10.00,4.00,4.25,-1
1098,1.98,4.31,100,1.00,2.05,10.00,4.00,4.71,-1
1099,1.98,4.31,100,1.00,2.08,10.00,4.00,4.61,-1
1100,1.98,4.31,100,1.00,2.66,10.00,4.00,4.62,-1
1101,1.98,4.31,100,1.00,2.66,10.00,4.00,4.61,-1
1102,1.98,4.31,100,1.00,2.63,10.00,4.00,4.61,-1
1103,1.98,4.31,100,1.00,2.10,10.00,4.00,4.52,-1
1104,1.98,4.31,100,1.00,2.58,10.00,4.00,4.79,-1
1105,1.98,4.31,100,1.00,2.50,10.00,4.00,4.65,-1
1106,1.98,4.31,100,1.00,2.43,10.00,4.00,4.61,-1
1107,1.98,4.31,100,1.00,2.44,10.00,4.00,4.58,-1
1108,1.98,4.31,100,1.00,2.50,10.00,4.00,4.65,-1
1109,1.98,4.31,100,0.00,0.00,10.00,3.00,10.00,-1
1110,1.98,4.31,100,0.00,0.00,10.00,3.00,10.00,-1
1111,1.98,4.31,100,1.00,2.27,10.00,4.00,4.58,-1
1112,1.98,4.31,100,1.00,2.17,10.00,4.00,4.57,-1
1113,1.98,4.31,100,1.00,2.15,10.00,4.00,4.50,-1
1114,1.98,4.31,100,0.00,0.00,10.00,3.00,10.00,-1
1115,1.98,4.31,100,1.00,2.10,10.00,4.00,4.50,-1
1116,1.98,4.31,100,1.00,2.13,10.00,4.00,4.52,-1
1117,1.98,4.31,100,1.00,2.10,10.00,4.00,4.53,-1
1118,1.98,4.31,100,1.00,2.89,10.00,4.00,4.66,-1
1119,1.98,4.31,100,1.00,2.69,10.00,4.00,4.60,-1
1120,1.98,4.31,100,1.00,2.69,10.00,4.00,4.61,-1
1121,1.98,4.31,100,1.00,2.85,10.00,4.00,4.72,-1
1122,1.98,4.31,100,0.00,0.00,10.00,3.00,10.00,-1
1123,1.98,4.31,100,1.00,2.05,10.00,4.00,4.70,-1
1124,1.98,4.31,100,0.00,0.00,10.00,3.00,10.00,-1
1125,1.98,4.31,100,1.00,2.11,10.00,4.00,4.54,-1
1126,1.98,4.31,100,1.00,2.15,10.00,4.00,4.66,-1
1127,1.98,4.31,100,0.00,0.00,10.00,3.00,10.00,-1
1128,1.98,4.31,100,1.00,2.67,10.00,4.00,4.86,-1
1129,1.98,4.31,100,1.00,2.89,10.00,4.00,4.66,-1
1130,1.98,4.31,100,1.00,2.10,10.00,4.00,4.54,-1
1131,1.98,4.31,100,1.00,2.28,10.00,4.00,4.67,-1
1132,1.98,4.31,100,1.00,2.10,10.00,4.00,4.49,-1
1133,1.98,4.31,100,1.00,2.47,10.00,4.00,4.72,-1
1134,1.98,4.31,100,1.00,2.62,10.00,4.00,4.81,-1
1135,1.98,4.31,100,1.00,2.50,10.00,4.00,4.65,-1
1136,1.98,4.31,100,1.00,2.10,10.00,4.00,4.53,-1
1137,1.98,4.31,100,1.00,2.16,10.00,4.00,4.82,-1
1138,1.98,4.31,100,1.00,2.69,10.00,4.00,4.86,-1
1139,1.98,4.31,100,1.00,2.08,10.00,4.00,4.61,-1
1140,1.98,4.31,100,1.00,2.69,10.00,4.00,4.74,-1
1141,1.98,4.31,100,1.00,2.69,10.00,4.00,4.74,-1
1142,1.98,4.31,100,1.00,2.05,10.00,4.00,4.71,-1
1143,1.98,4.31,100,1.00,2.08,10.00,4.00,4.67,-1
1144,1.98,4.31,100,1.00,2.15,10.00,4.00,4.78,-1
1145,1.98,4.31,100,1.00,2.05,10.00,4.00,4.70,-1
1146,1.98,4.31,100,1.00,2.10,10.00,4.00,4.49,-1
1147,1.98,4.31,100,1.00,2.10,10.00,4.00,4.49,-1
1148,1.98,4.31,100,1.00,2.05,10.00,4.00,4.70,-1
